ลำดับ,ชื่อวิดีโอ,ช่อง,ยอดวิว,เวลาโพสต์,หมวดหมู่,ยอดวิว(ตัวเลข)
1,ผมจะรับเลี้ยง ”น้องฟ้าใส” เด็กเก็บขยะ ดีไหม ? (SPD),SpriteDer SPD,"การดู 1.1 ล้าน ครั้ง
1 วันที่ผ่านมา",ไม่พบเวลา,อื่น ๆ,0
2,“แจ็คสันหวัง“ อยากเจอ ”น้องเกล“ ที่สุด! | เขยไทยทำได้หยอดขนมครก ปั่นไอติม | 3 แซ่บ (Full) 25 พ.ค. 68,Polyplus Entertainment,"การดู 4.5 แสน ครั้ง
23 ชั่วโมงที่ผ่านมา",ไม่พบเวลา,อื่น ๆ,0
3,CAMPปลิ้น | EP.92 เปิดสเปกสุดเข้มกับ 3 หนุ่มหลากสไตล์ใน CAMPปลิ้นนน!!,โคตรคูล,"การดู 9.4 แสน ครั้ง
1 วันที่ผ่านมา",ไม่พบเวลา,อื่น ๆ,0
4,น้ำตาพลทหาร วันนี้ไม่มีญาติมาเยี่ยม | อีจัน EJAN,Ejan,"การดู 2.8 แสน ครั้ง
20 ชั่วโมงที่ผ่านมา",ไม่พบเวลา,อื่น ๆ,0
5,คนจีนว้าวุ่น! แห่ถอนเงิน หลังถูกอายัดบัตร l ตลาดข่าว - ข่าวเช้าเวิร์คพอยท์ l 25 พ.ค. 68,ข่าวเวิร์คพอยท์ 23,"การดู 7.8 แสน ครั้ง
1 วันที่ผ่านมา",ไม่พบเวลา,อื่น ๆ,0
6,การแข่งขัน RoV นานาชาติ APL 2025 | รอบ Wildcard Day 4,Garena RoV Thailand,"การดู 6.3 แสน ครั้ง
สตรีมแล้วเมื่อ 16 ชั่วโมงที่ผ่านมา",ไม่พบเวลา,เกม,0
7,EGG !!! @patrickzeinali @BayashiTV_ @ohiofinalboss.,albert_cancook,"การดู 20 ล้าน ครั้ง
1 วันที่ผ่านมา",ไม่พบเวลา,อื่น ๆ,0
8,3 เหตุการณ์ลับแมพ Grow a Garden ก่อนจะอัพเดท #roblox #irongaming #growagarden,iRON GAMING,"การดู 2.9 แสน ครั้ง
1 วันที่ผ่านมา",ไม่พบเวลา,เกม,0
9,ฟังสดเดอะโกสเรดิโอ 25/5/2568 เรื่องเล่าผีเดอะโกส,TheghostradioOfficial,"การดู 4.5 แสน ครั้ง
สตรีมแล้วเมื่อ 9 ชั่วโมงที่ผ่านมา",ไม่พบเวลา,อื่น ๆ,0
10,Angry Munci saved me from Lin gang melon! 😱🔥 #meme #gmod,Mr. LoLo,"การดู 4.2 ล้าน ครั้ง
21 ชั่วโมงที่ผ่านมา",ไม่พบเวลา,อื่น ๆ,0
11,MISS UNIVERSE KRUNG THEP MAHA NAKHON 2025 | FINAL COMPETITION,GrandTV,"การดู 3 แสน ครั้ง
สตรีมแล้วเมื่อ 17 ชั่วโมงที่ผ่านมา",ไม่พบเวลา,อื่น ๆ,0
12,โมเม้นต์ ลิเวอร์พูล ชูถ้วยแชมป์ พรีเมียร์ลีก 2024/2025,เต็มข้อ,"การดู 1.9 แสน ครั้ง
11 ชั่วโมงที่ผ่านมา",ไม่พบเวลา,อื่น ๆ,0
13,ผมมีความสุขทุกครั้งที่ได้เล่นกับ ผู้หญิงคนนี้| Minecraft #minecraft #minecraftmemes #funny #ตลก #fyp,Kyoro Danger,"การดู 1.7 ล้าน ครั้ง
2 วันที่ผ่านมา",ไม่พบเวลา,เกม,0
14,Liverpool FC's Full-Time CELEBRATIONS | Premier League WINNERS!,Liverpool FC,"การดู 1.7 ล้าน ครั้ง
สตรีมแล้วเมื่อ 12 ชั่วโมงที่ผ่านมา",ไม่พบเวลา,อื่น ๆ,0
15,Squid Game Dalgona #shorts,Mr DegrEE,"การดู 260 ล้าน ครั้ง
4 วันที่ผ่านมา",ไม่พบเวลา,เกม,0
16,คนไทยห้ามเรียนฮาร์วาร์ด???! #kenbkk #kenchanon,Ken Bkk,"การดู 4.9 แสน ครั้ง
1 วันที่ผ่านมา",ไม่พบเวลา,อื่น ๆ,0
17,Deploying a Buoy From a Boat! 🛟 #buoy #boats #sea,Supercar Blondie,"การดู 35 ล้าน ครั้ง
4 วันที่ผ่านมา",ไม่พบเวลา,อื่น ๆ,0
18,SIMPLE Trick to SURVIVE 🪵🧠 #camping #survival #bushcraft #outdoors,Marusya Outdoors,"การดู 9.2 ล้าน ครั้ง
1 วันที่ผ่านมา",ไม่พบเวลา,อื่น ๆ,0
19,Shocking! A Thousand-Year-Old Skill Is Back! #Acrobat#Magic#Rack,Stunning Skill Show,"การดู 9.9 ล้าน ครั้ง
6 วันที่ผ่านมา",ไม่พบเวลา,อื่น ๆ,0
20,UNO Prank on Madni 😱🃏🤣,BROTHERS VLOG,"การดู 28 ล้าน ครั้ง
4 วันที่ผ่านมา",ไม่พบเวลา,อื่น ๆ,0
21,หมาน้อยถูกทอดทิ้งกลางถนน #หมา #เดวิลเมจิ,DevilMeiji,"การดู 3.9 แสน ครั้ง
1 วันที่ผ่านมา",ไม่พบเวลา,อื่น ๆ,0
22,ไฮไลท์ช้าง เอฟเอคัพ เมืองทอง ยูไนเต็ด พบ บุรีรัมย์ ยูไนเต็ด | รอบชิงชนะเลิศ | ช้าง เอฟเอคัพ 2024/25,TrueID,"การดู 3.1 แสน ครั้ง
1 วันที่ผ่านมา",ไม่พบเวลา,อื่น ๆ,0
23,CAPPUCCINO ASSASSINO Baby version or adult version - Italian Brainrot,FlowerTeam,"การดู 7.6 ล้าน ครั้ง
1 วันที่ผ่านมา",ไม่พบเวลา,อื่น ๆ,0
24,MISS UNIVERSE PHUKET 2025 | FINAL COMPETITION,GrandTV,"การดู 3.6 แสน ครั้ง
สตรีมแล้วเมื่อ 1 วันที่ผ่านมา",ไม่พบเวลา,อื่น ๆ,0
25,"[LIVE] : ONE ลุมพินี 109 | คู่เอก ""ยอดไอคิว vs บริซ""",Ch7HD,"การดู 1 ล้าน ครั้ง
สตรีมแล้วเมื่อ 2 วันที่ผ่านมา",ไม่พบเวลา,อื่น ๆ,0
26,ขยายฟาร์มได้เเล้ว #icebarber #roblox #fyp #growagarden,IceBarBer,"การดู 2.3 แสน ครั้ง
1 วันที่ผ่านมา",ไม่พบเวลา,เกม,0
27,I never expected you #TikTok celebrity trampoline #professional actions please do not imitate,Trampoline Movement,"การดู 20 ล้าน ครั้ง
6 วันที่ผ่านมา",ไม่พบเวลา,อื่น ๆ,0
28,"""ด้งเด้ง-เซียนโอ๋-น้าแมน"" พาแทงปลาไหล | เฮ็ดอย่างเซียนหรั่ง FULL EP.38 | One Playground",One Playground,"การดู 2.9 แสน ครั้ง
20 ชั่วโมงที่ผ่านมา",ไม่พบเวลา,อื่น ๆ,0
29,🔴LIVE เชียร์สด : ลิเวอร์พูล พบ คริสตัล พาเลช | หงส์แดงดวลปราสาทเรือนแก้ว MW38,GOTJISIRI CH,"การดู 2.8 แสน ครั้ง
สตรีมแล้วเมื่อ 12 ชั่วโมงที่ผ่านมา",ไม่พบเวลา,อื่น ๆ,0
30,การแข่งขัน RoV นานาชาติ APL 2025 | รอบ Wildcard Day 3,Garena RoV Thailand,"การดู 8.6 แสน ครั้ง
สตรีมแล้วเมื่อ 1 วันที่ผ่านมา",ไม่พบเวลา,เกม,0
31,ทุเรียน VS ขนุน เลือกอะไร? #vs #shorts,PANDAKOOKKOOK,"การดู 1.2 ล้าน ครั้ง
2 วันที่ผ่านมา",ไม่พบเวลา,อื่น ๆ,0
32,คนอวดผี413 | แตงโม นิดา เทปที่ไม่ได้ถูกออกอากาศ | 21 พ.ค. 68 Full EP,WorkpointOfficial,"การดู 3.5 ล้าน ครั้ง
4 วันที่ผ่านมา",ไม่พบเวลา,อื่น ๆ,0
33,หมอเทวดาสาวเจอคนไข้เป็นคุณชายนิทรา โดนบังคับแต่งงานรักษาโรค สุดท้ายได้รู้ว่าเธอคือรักแรกที่หายไป,Panda ละครสั้นพากย์ไทย ,"การดู 2.9 แสน ครั้ง
3 วันที่ผ่านมา",ไม่พบเวลา,ภาพยนตร์,0
34,【National food 】It’s not a given to have food.❣️,ISSEI / いっせい,"การดู 66 ล้าน ครั้ง
3 วันที่ผ่านมา",ไม่พบเวลา,อื่น ๆ,0
35,When the toilet occupied! 😩🚽,A4,"การดู 102 ล้าน ครั้ง
4 วันที่ผ่านมา",ไม่พบเวลา,อื่น ๆ,0
36,หนูม่วงกลับชนเผ่า!! EP.1,หนูม่วง คำหลู่,"การดู 3.5 แสน ครั้ง
1 วันที่ผ่านมา",ไม่พบเวลา,อื่น ๆ,0
37,"🔵 ""อาร์เน่อ"" มันส์! “เวียร์ตซ์” มา! | ดีลที่น่าตื่นเต้นสุดรอบ 10 ปี",Eka Channel,"การดู 1.2 แสน ครั้ง
1 วันที่ผ่านมา",ไม่พบเวลา,อื่น ๆ,0
38,Eva dalgona cracked #shorts,Mr DegrEE,"การดู 89 ล้าน ครั้ง
3 วันที่ผ่านมา",ไม่พบเวลา,อื่น ๆ,0
39,สาวถูกตระกูลทอดทิ้งเพราะตั้งท้องไม่มีพ่อ แต่ใครจะรู้ว่าลูกแฝดสามในท้องคือเทพโชคลาภที่เปลี่ยนชีวิตเธอ,Shop ละคร,"การดู 4.9 แสน ครั้ง
19 ชั่วโมงที่ผ่านมา",ไม่พบเวลา,ภาพยนตร์,0
40,МЫ ПОПАЛИ В ИГРУ КАЛЬМАРА🔫,SOFIADELMONSTRO,"การดู 7.7 ล้าน ครั้ง
2 วันที่ผ่านมา",ไม่พบเวลา,อื่น ๆ,0
41,ชายคนนี้สาดน้ำใส่ต้นมะพร้าว #negi,NEGI,"การดู 5.2 แสน ครั้ง
2 วันที่ผ่านมา",ไม่พบเวลา,อื่น ๆ,0
42,เที่ยวยโสธรโนแพลน...งานยิงจรวดภาคอีสาน!,Kyutae Oppa,"การดู 4 แสน ครั้ง
2 วันที่ผ่านมา",ไม่พบเวลา,อื่น ๆ,0
43,Guess The Fake Lego Ball!,Zhong,"การดู 36 ล้าน ครั้ง
3 วันที่ผ่านมา",ไม่พบเวลา,อื่น ๆ,0
44,"【พากย์ไทย】CEOหนุ่มโดนจับแต่งงานโดยไม่เต็มใจ""จนกระทั่งเลขาสาวปรากฎตัว""ความรักวัยเยาว์จึงเริ่มชัดเจน!?",Today ละครสั้น,"การดู 5.5 แสน ครั้ง
3 วันที่ผ่านมา",ไม่พบเวลา,ภาพยนตร์,0
45,HI-END | 1 วัน แก๊งมอไซค์ซิ่ง ”ไปเที่ยวงานวัดแต่เจอแบบนี้..หมดอารมณ์เลย!!“,OAUJUN HI-END,"การดู 7.6 แสน ครั้ง
22 ชั่วโมงที่ผ่านมา",ไม่พบเวลา,อื่น ๆ,0
46,ประธานหญิงปลอมตัวเป็นแม่บ้าน ทดสอบนิสัยว่าที่ลูกสะใภ้ และสุดท้าย,Web ซีรีย์,"การดู 8.2 แสน ครั้ง
3 วันที่ผ่านมา",ไม่พบเวลา,อื่น ๆ,0
47,ไฮไลท์เต็ม เมืองทอง ยูไนเต็ด 2-3 บุรีรัมย์ ยูไนเต็ด คว้าแชมป์ ฟุตบอลช้างเอฟเอคัพ !!,แตงโมลง ปิยะพงษ์ยิง,"การดู 2.7 แสน ครั้ง
1 วันที่ผ่านมา",ไม่พบเวลา,อื่น ๆ,0
48,NAPOLI-CAGLIARI 2-0 | HIGHLIGHTS | Napoli Are Champions! | Serie A 2024/25,Serie A,"การดู 2.7 ล้าน ครั้ง
2 วันที่ผ่านมา",ไม่พบเวลา,อื่น ๆ,0
49,又搞我，等一下我一口盐过去给你！！#Ăn thức ăn#Ẩm thực đồng quê,Big Eater Dawei,"การดู 4.4 ล้าน ครั้ง
4 วันที่ผ่านมา",ไม่พบเวลา,อื่น ๆ,0
50,"นี่คือชาย ""ผู้ที่ดิ่งพสุธา"" โดยไม่มีร่มชูชีพ #อวกาศ #วิทยาศาสตร์ #กระโดดร่ม",POMSTER Freestyle,"การดู 1.9 ล้าน ครั้ง
4 วันที่ผ่านมา",ไม่พบเวลา,อื่น ๆ,0
